rank,file,t_sec,score,U,A,D,n_boxes,n_ambiguous,empty,selected
1,frame_0001.jpg,0.4,0.7453,0.7907,0.5,1.0,10,5,False,True
2,frame_0016.jpg,6.4,0.7377,0.7754,0.5,1.0,7,5,False,True
3,frame_0377.jpg,150.8,0.728,0.808,1.0,0.12,11,10,False,True
4,frame_0031.jpg,12.4,0.7226,0.7451,0.5,1.0,10,5,False,True
5,frame_0073.jpg,29.2,0.7193,0.7987,0.4,1.0,8,4,False,True
6,frame_0176.jpg,70.4,0.7149,0.8538,0.8,0.24,10,8,False,True
7,frame_0127.jpg,50.8,0.7107,0.8013,0.5,0.8,9,5,False,True
8,frame_0033.jpg,13.2,0.7069,0.7138,0.5,1.0,10,5,False,False
9,frame_0000.jpg,0.0,0.691,0.6821,0.5,1.0,11,5,False,False
10,frame_0329.jpg,131.6,0.6709,0.7698,0.9,0.08,12,9,False,True
11,frame_0128.jpg,51.2,0.6618,0.6276,0.6,0.84,8,6,False,False
12,frame_0075.jpg,30.0,0.6599,0.7558,0.3,0.96,6,3,False,False
13,frame_0074.jpg,29.6,0.6598,0.7396,0.3,1.0,9,3,False,False
14,frame_0007.jpg,2.8,0.6594,0.7388,0.3,1.0,5,3,False,True
15,frame_0077.jpg,30.8,0.6556,0.7192,0.4,0.88,9,4,False,False
16,frame_0286.jpg,114.4,0.6556,0.7552,0.5,0.64,8,5,False,True
17,frame_0133.jpg,53.2,0.654,0.548,0.6,1.0,7,6,False,True
18,frame_0072.jpg,28.8,0.6519,0.7238,0.3,1.0,9,3,False,False
19,frame_0017.jpg,6.8,0.6492,0.5983,0.5,1.0,7,5,False,False
20,frame_0282.jpg,112.8,0.6474,0.7428,0.6,0.48,7,6,False,False
21,frame_0378.jpg,151.2,0.6459,0.8397,0.7,0.08,12,7,False,False
22,frame_0284.jpg,113.6,0.6402,0.7565,0.5,0.56,7,5,False,False
23,frame_0117.jpg,46.8,0.6391,0.7581,0.6,0.4,10,6,False,True
24,frame_0030.jpg,12.0,0.6351,0.6301,0.4,1.0,9,4,False,False
25,frame_0004.jpg,1.6,0.6346,0.6893,0.3,1.0,10,3,False,False
26,frame_0185.jpg,74.0,0.6316,0.8111,0.7,0.08,11,7,False,False
27,frame_0078.jpg,31.2,0.6307,0.6854,0.4,0.84,9,4,False,False
28,frame_0067.jpg,26.8,0.6289,0.6178,0.4,1.0,9,4,False,False
29,frame_0068.jpg,27.2,0.6275,0.4949,0.6,1.0,9,6,False,False
30,frame_0177.jpg,70.8,0.6249,0.8698,0.5,0.2,9,5,False,False
31,frame_0318.jpg,127.2,0.6237,0.7314,0.7,0.24,10,7,False,False
32,frame_0116.jpg,46.4,0.6116,0.7793,0.5,0.36,8,5,False,False
33,frame_0287.jpg,114.8,0.6063,0.7007,0.4,0.68,8,4,False,False
34,frame_0388.jpg,155.2,0.6062,0.7884,0.6,0.16,11,6,False,False
35,frame_0390.jpg,156.0,0.605,0.818,0.6,0.08,11,6,False,False
36,frame_0126.jpg,50.4,0.6039,0.6038,0.5,0.76,8,5,False,False
37,frame_0070.jpg,28.0,0.6028,0.6256,0.3,1.0,7,3,False,False
38,frame_0032.jpg,12.8,0.6023,0.5646,0.4,1.0,7,4,False,False
39,frame_0029.jpg,11.6,0.5989,0.6779,0.2,1.0,8,2,False,False
40,frame_0207.jpg,82.8,0.597,0.694,0.3,0.8,4,3,False,False
41,frame_0118.jpg,47.2,0.5961,0.6563,0.6,0.44,9,6,False,False
42,frame_0333.jpg,133.2,0.5956,0.7392,0.7,0.08,11,7,False,False
43,frame_0015.jpg,6.0,0.5927,0.5454,0.4,1.0,7,4,False,False
44,frame_0278.jpg,111.2,0.5922,0.7564,0.5,0.32,8,5,False,False
45,frame_0314.jpg,125.6,0.5899,0.7278,0.7,0.08,8,7,False,False
46,frame_0076.jpg,30.4,0.5887,0.5094,0.5,0.92,10,5,False,False
47,frame_0175.jpg,70.0,0.5884,0.7047,0.6,0.28,9,6,False,False
48,frame_0293.jpg,117.2,0.5837,0.6235,0.4,0.76,5,4,False,False
49,frame_0026.jpg,10.4,0.5819,0.5838,0.3,1.0,6,3,False,False
50,frame_0069.jpg,27.6,0.5818,0.6437,0.2,1.0,8,2,False,False
51,frame_0021.jpg,8.4,0.5798,0.5797,0.3,1.0,6,3,False,False
52,frame_0368.jpg,147.2,0.579,0.7819,0.6,0.04,13,6,False,False
53,frame_0028.jpg,11.2,0.5787,0.6374,0.2,1.0,7,2,False,False
54,frame_0328.jpg,131.2,0.5786,0.7653,0.6,0.08,12,6,False,False
55,frame_0105.jpg,42.0,0.5785,0.765,0.6,0.08,9,6,False,False
56,frame_0307.jpg,122.8,0.578,0.836,0.4,0.2,9,4,False,False
57,frame_0131.jpg,52.4,0.5771,0.5301,0.4,0.96,5,4,False,False
58,frame_0022.jpg,8.8,0.5748,0.5096,0.4,1.0,6,4,False,False
59,frame_0011.jpg,4.4,0.5739,0.5678,0.3,1.0,4,3,False,False
60,frame_0379.jpg,151.6,0.5737,0.7714,0.6,0.04,11,6,False,False
61,frame_0071.jpg,28.4,0.571,0.622,0.2,1.0,6,2,False,False
62,frame_0179.jpg,71.6,0.571,0.6739,0.7,0.12,10,7,False,False
63,frame_0367.jpg,146.8,0.571,0.87,0.4,0.08,8,4,False,False
64,frame_0008.jpg,3.2,0.5708,0.5615,0.3,1.0,5,3,False,False
65,frame_0003.jpg,1.2,0.5697,0.5594,0.3,1.0,7,3,False,False
66,frame_0006.jpg,2.4,0.5696,0.4992,0.4,1.0,6,4,False,False
67,frame_0273.jpg,109.2,0.5693,0.7306,0.6,0.12,7,6,False,False
68,frame_0002.jpg,0.8,0.5685,0.497,0.4,1.0,7,4,False,False
69,frame_0277.jpg,110.8,0.5666,0.7811,0.4,0.28,8,4,False,False
70,frame_0023.jpg,9.2,0.5647,0.5494,0.3,1.0,5,3,False,False
71,frame_0327.jpg,130.8,0.5614,0.8667,0.4,0.04,13,4,False,False
72,frame_0197.jpg,78.8,0.5612,0.9624,0.0,0.4,1,0,False,False
73,frame_0276.jpg,110.4,0.5599,0.6638,0.6,0.24,10,6,False,False
74,frame_0283.jpg,113.2,0.5577,0.7275,0.3,0.52,7,3,False,False
75,frame_0079.jpg,31.6,0.5539,0.6078,0.3,0.8,10,3,False,False
76,frame_0125.jpg,50.0,0.5539,0.5798,0.4,0.72,7,4,False,False
77,frame_0089.jpg,35.6,0.5537,0.7075,0.4,0.4,8,4,False,False
78,frame_0120.jpg,48.0,0.5512,0.7143,0.3,0.52,7,3,False,False
79,frame_0130.jpg,52.0,0.5501,0.6121,0.2,0.92,5,2,False,False
80,frame_0081.jpg,32.4,0.5494,0.5108,0.5,0.72,10,5,False,False
81,frame_0398.jpg,159.2,0.5491,0.6421,0.6,0.24,11,6,False,False
82,frame_0123.jpg,49.2,0.5486,0.6612,0.3,0.64,7,3,False,False
83,frame_0288.jpg,115.2,0.5472,0.6263,0.3,0.72,9,3,False,False
84,frame_0290.jpg,116.0,0.5454,0.5908,0.3,0.8,9,3,False,False
85,frame_0024.jpg,9.6,0.5371,0.4942,0.3,1.0,5,3,False,False
86,frame_0080.jpg,32.0,0.5365,0.529,0.4,0.76,8,4,False,False
87,frame_0194.jpg,77.6,0.5337,0.6554,0.5,0.28,8,5,False,False
88,frame_0121.jpg,48.4,0.5333,0.6626,0.3,0.56,7,3,False,False
89,frame_0168.jpg,67.2,0.5329,0.5418,0.5,0.56,7,5,False,False
90,frame_0389.jpg,155.6,0.5312,0.5944,0.7,0.12,12,7,False,False
91,frame_0395.jpg,158.0,0.5293,0.7706,0.4,0.12,10,4,False,False
92,frame_0173.jpg,69.2,0.5292,0.6743,0.4,0.36,8,4,False,False
93,frame_0394.jpg,157.6,0.528,0.7239,0.5,0.08,10,5,False,False
94,frame_0317.jpg,126.8,0.5276,0.8552,0.2,0.2,9,2,False,False
95,frame_0301.jpg,120.4,0.5269,0.6378,0.4,0.44,10,4,False,False
96,frame_0315.jpg,126.0,0.525,0.8219,0.3,0.12,9,3,False,False
97,frame_0304.jpg,121.6,0.5247,0.6814,0.4,0.32,8,4,False,False
98,frame_0230.jpg,92.0,0.5242,0.7605,0.4,0.12,13,4,False,False
99,frame_0297.jpg,118.8,0.5242,0.6284,0.3,0.6,6,3,False,False
100,frame_0231.jpg,92.4,0.524,0.864,0.2,0.16,9,2,False,False
101,frame_0092.jpg,36.8,0.518,0.6239,0.5,0.28,10,5,False,False
102,frame_0316.jpg,126.4,0.5167,0.8493,0.2,0.16,9,2,False,False
103,frame_0186.jpg,74.4,0.5163,0.7167,0.5,0.04,11,5,False,False
104,frame_0374.jpg,149.6,0.5157,0.6514,0.5,0.2,12,5,False,False
105,frame_0218.jpg,87.2,0.5128,0.7016,0.3,0.36,7,3,False,False
106,frame_0376.jpg,150.4,0.5111,0.7781,0.3,0.16,9,3,False,False
107,frame_0320.jpg,128.0,0.5102,0.6845,0.4,0.24,9,4,False,False
108,frame_0124.jpg,49.6,0.51,0.6879,0.1,0.68,9,1,False,False
109,frame_0113.jpg,45.2,0.5081,0.5602,0.6,0.24,8,6,False,False
110,frame_0291.jpg,116.4,0.5081,0.6203,0.1,0.84,7,1,False,False
111,frame_0095.jpg,38.0,0.508,0.7119,0.4,0.16,9,4,False,False
112,frame_0122.jpg,48.8,0.5064,0.5928,0.3,0.6,7,3,False,False
113,frame_0088.jpg,35.2,0.5061,0.6562,0.3,0.44,8,3,False,False
114,frame_0215.jpg,86.0,0.5054,0.6388,0.3,0.48,6,3,False,False
115,frame_0104.jpg,41.6,0.5037,0.7194,0.4,0.12,9,4,False,False
116,frame_0321.jpg,128.4,0.502,0.744,0.3,0.2,10,3,False,False
117,frame_0013.jpg,5.2,0.5012,0.4224,0.3,1.0,4,3,False,False
118,frame_0129.jpg,51.6,0.5011,0.5302,0.2,0.88,8,2,False,False
119,frame_0167.jpg,66.8,0.5007,0.5813,0.3,0.6,7,3,False,False
120,frame_0005.jpg,2.0,0.5002,0.4804,0.2,1.0,8,2,False,False
121,frame_0332.jpg,132.8,0.4984,0.8008,0.3,0.04,10,3,False,False
122,frame_0170.jpg,68.0,0.4983,0.5646,0.4,0.48,8,4,False,False
123,frame_0274.jpg,109.6,0.498,0.752,0.3,0.16,7,3,False,False
124,frame_0391.jpg,156.4,0.497,0.6779,0.5,0.04,8,5,False,False
125,frame_0025.jpg,10.0,0.4967,0.4135,0.3,1.0,5,3,False,False
126,frame_0210.jpg,84.0,0.4965,0.601,0.2,0.68,3,2,False,False
127,frame_0178.jpg,71.2,0.4951,0.8062,0.2,0.16,8,2,False,False
128,frame_0396.jpg,158.4,0.4949,0.7458,0.3,0.16,11,3,False,False
129,frame_0325.jpg,130.0,0.4947,0.7934,0.3,0.04,7,3,False,False
130,frame_0399.jpg,159.6,0.4935,0.6351,0.4,0.28,7,4,False,False
131,frame_0308.jpg,123.2,0.4916,0.6192,0.5,0.16,10,5,False,False
132,frame_0171.jpg,68.4,0.4914,0.6869,0.2,0.44,5,2,False,False
133,frame_0012.jpg,4.8,0.4909,0.4619,0.2,1.0,4,2,False,False
134,frame_0275.jpg,110.0,0.4909,0.6618,0.4,0.2,7,4,False,False
135,frame_0375.jpg,150.0,0.4909,0.7218,0.3,0.2,9,3,False,False
136,frame_0285.jpg,114.0,0.4883,0.6166,0.2,0.6,7,2,False,False
137,frame_0119.jpg,47.6,0.4882,0.4844,0.5,0.48,10,5,False,False
138,frame_0090.jpg,36.0,0.486,0.5881,0.4,0.36,9,4,False,False
139,frame_0387.jpg,154.8,0.4856,0.7111,0.3,0.2,9,3,False,False
140,frame_0169.jpg,67.6,0.4851,0.5822,0.3,0.52,9,3,False,False
141,frame_0372.jpg,148.8,0.485,0.682,0.4,0.12,11,4,False,False
142,frame_0180.jpg,72.0,0.4844,0.5767,0.6,0.08,8,6,False,False
143,frame_0280.jpg,112.0,0.4838,0.5676,0.4,0.4,9,4,False,False
144,frame_0306.jpg,122.4,0.4829,0.6899,0.3,0.24,8,3,False,False
145,frame_0096.jpg,38.4,0.4819,0.6157,0.5,0.12,8,5,False,False
146,frame_0132.jpg,52.8,0.4817,0.4434,0.2,1.0,8,2,False,False
147,frame_0100.jpg,40.0,0.4816,0.6472,0.5,0.04,8,5,False,False
148,frame_0298.jpg,119.2,0.481,0.5581,0.3,0.56,7,3,False,False
149,frame_0027.jpg,10.8,0.4791,0.4982,0.1,1.0,7,1,False,False
150,frame_0114.jpg,45.6,0.4787,0.6654,0.3,0.28,6,3,False,False
151,frame_0393.jpg,157.2,0.4778,0.6995,0.4,0.04,8,4,False,False
152,frame_0084.jpg,33.6,0.476,0.4721,0.4,0.6,8,4,False,False
153,frame_0020.jpg,8.0,0.4758,0.4316,0.2,1.0,5,2,False,False
154,frame_0103.jpg,41.2,0.4753,0.5866,0.5,0.16,7,5,False,False
155,frame_0397.jpg,158.8,0.4752,0.8104,0.1,0.2,10,1,False,False
156,frame_0216.jpg,86.4,0.4742,0.6524,0.2,0.44,6,2,False,False
157,frame_0014.jpg,5.6,0.4737,0.4274,0.2,1.0,6,2,False,False
158,frame_0229.jpg,91.6,0.4736,0.6751,0.4,0.08,9,4,False,False
159,frame_0292.jpg,116.8,0.4685,0.377,0.4,0.8,7,4,False,False
160,frame_0082.jpg,32.8,0.4676,0.4832,0.3,0.68,7,3,False,False
161,frame_0172.jpg,68.8,0.4671,0.5341,0.4,0.4,7,4,False,False
162,frame_0219.jpg,87.6,0.4659,0.5638,0.4,0.32,6,4,False,False
163,frame_0203.jpg,81.2,0.4655,0.555,0.2,0.64,6,2,False,False
164,frame_0208.jpg,83.2,0.4624,0.4408,0.3,0.76,6,3,False,False
165,frame_0018.jpg,7.2,0.4613,0.4627,0.1,1.0,6,1,False,False
166,frame_0303.jpg,121.2,0.4602,0.5965,0.3,0.36,7,3,False,False
167,frame_0202.jpg,80.8,0.4579,0.5559,0.2,0.6,5,2,False,False
168,frame_0184.jpg,73.6,0.4577,0.6435,0.4,0.08,8,4,False,False
169,frame_0373.jpg,149.2,0.4547,0.6654,0.3,0.16,9,3,False,False
170,frame_0010.jpg,4.0,0.4544,0.4488,0.1,1.0,3,1,False,False
171,frame_0108.jpg,43.2,0.4507,0.6454,0.4,0.04,11,4,False,False
172,frame_0299.jpg,119.6,0.4507,0.5135,0.3,0.52,8,3,False,False
173,frame_0324.jpg,129.6,0.4504,0.6288,0.4,0.08,10,4,False,False
174,frame_0296.jpg,118.4,0.4499,0.4639,0.3,0.64,6,3,False,False
175,frame_0174.jpg,69.6,0.4486,0.6492,0.2,0.32,6,2,False,False
176,frame_0371.jpg,148.4,0.4469,0.6218,0.4,0.08,8,4,False,False
177,frame_0214.jpg,85.6,0.4457,0.5635,0.2,0.52,5,2,False,False
178,frame_0300.jpg,120.0,0.4457,0.5794,0.2,0.48,8,2,False,False
179,frame_0086.jpg,34.4,0.4455,0.443,0.4,0.52,6,4,False,False
180,frame_0085.jpg,34.0,0.4438,0.4837,0.3,0.56,6,3,False,False
181,frame_0223.jpg,89.2,0.4414,0.5787,0.4,0.16,6,4,False,False
182,frame_0193.jpg,77.2,0.4378,0.5996,0.3,0.24,7,3,False,False
183,frame_0323.jpg,129.2,0.4354,0.5827,0.4,0.12,9,4,False,False
184,frame_0209.jpg,83.6,0.4346,0.4613,0.2,0.72,5,2,False,False
185,frame_0217.jpg,86.8,0.4346,0.5291,0.3,0.4,5,3,False,False
186,frame_0302.jpg,120.8,0.4295,0.519,0.3,0.4,7,3,False,False
187,frame_0232.jpg,92.8,0.4285,0.597,0.3,0.2,8,3,False,False
188,frame_0311.jpg,124.4,0.4264,0.5369,0.5,0.04,7,5,False,False
189,frame_0109.jpg,43.6,0.4242,0.5764,0.4,0.08,11,4,False,False
190,frame_0112.jpg,44.8,0.4181,0.6361,0.2,0.2,8,2,False,False
191,frame_0295.jpg,118.0,0.4175,0.5031,0.1,0.68,7,1,False,False
192,frame_0233.jpg,93.2,0.4163,0.5566,0.3,0.24,9,3,False,False
193,frame_0102.jpg,40.8,0.4159,0.5438,0.4,0.12,8,4,False,False
194,frame_0221.jpg,88.4,0.4154,0.4949,0.4,0.24,6,4,False,False
195,frame_0222.jpg,88.8,0.4131,0.6262,0.2,0.2,6,2,False,False
196,frame_0370.jpg,148.0,0.411,0.506,0.5,0.04,10,5,False,False
197,frame_0228.jpg,91.2,0.4096,0.5632,0.4,0.04,8,4,False,False
198,frame_0305.jpg,122.0,0.408,0.5241,0.3,0.28,6,3,False,False
199,frame_0309.jpg,123.6,0.4048,0.5816,0.3,0.12,7,3,False,False
200,frame_0310.jpg,124.0,0.4029,0.5937,0.3,0.08,5,3,False,False
201,frame_0289.jpg,115.6,0.4019,0.4997,0.0,0.76,8,0,False,False
202,frame_0279.jpg,111.6,0.4006,0.5371,0.2,0.36,6,2,False,False
203,frame_0097.jpg,38.8,0.4004,0.4688,0.5,0.08,10,5,False,False
204,frame_0267.jpg,106.8,0.4004,0.5728,0.3,0.12,6,3,False,False
205,frame_0019.jpg,7.6,0.4001,0.4002,0.0,1.0,4,0,False,False
206,frame_0204.jpg,81.6,0.3999,0.4677,0.1,0.68,5,1,False,False
207,frame_0201.jpg,80.4,0.3997,0.4554,0.2,0.56,5,2,False,False
208,frame_0330.jpg,132.0,0.3987,0.5413,0.4,0.04,10,4,False,False
209,frame_0225.jpg,90.0,0.3975,0.583,0.3,0.08,8,3,False,False
210,frame_0094.jpg,37.6,0.3972,0.5343,0.3,0.2,10,3,False,False
211,frame_0009.jpg,3.6,0.3944,0.3288,0.1,1.0,3,1,False,False
212,frame_0106.jpg,42.4,0.3931,0.6503,0.2,0.04,7,2,False,False
213,frame_0386.jpg,154.4,0.3931,0.5102,0.3,0.24,8,3,False,False
214,frame_0381.jpg,152.4,0.3926,0.5292,0.4,0.04,11,4,False,False
215,frame_0087.jpg,34.8,0.3901,0.4681,0.2,0.48,7,2,False,False
216,frame_0322.jpg,128.8,0.3887,0.5934,0.2,0.16,8,2,False,False
217,frame_0268.jpg,107.2,0.3875,0.623,0.2,0.08,7,2,False,False
218,frame_0188.jpg,75.2,0.3863,0.5767,0.3,0.04,10,3,False,False
219,frame_0269.jpg,107.6,0.3836,0.5712,0.3,0.04,8,3,False,False
220,frame_0200.jpg,80.0,0.3816,0.4352,0.2,0.52,3,2,False,False
221,frame_0294.jpg,117.6,0.3816,0.3552,0.2,0.72,6,2,False,False
222,frame_0098.jpg,39.2,0.3814,0.5068,0.4,0.04,5,4,False,False
223,frame_0192.jpg,76.8,0.3804,0.5007,0.3,0.2,8,3,False,False
224,frame_0212.jpg,84.8,0.3757,0.4514,0.1,0.6,6,1,False,False
225,frame_0189.jpg,75.6,0.3733,0.5946,0.2,0.08,5,2,False,False
226,frame_0281.jpg,112.4,0.3729,0.3898,0.3,0.44,6,3,False,False
227,frame_0319.jpg,127.6,0.3718,0.4516,0.3,0.28,10,3,False,False
228,frame_0384.jpg,153.6,0.3645,0.5449,0.2,0.16,10,2,False,False
229,frame_0091.jpg,36.4,0.3632,0.4784,0.2,0.32,7,2,False,False
230,frame_0093.jpg,37.2,0.3632,0.5105,0.2,0.24,7,2,False,False
231,frame_0199.jpg,79.6,0.36,0.4681,0.1,0.48,3,1,False,False
232,frame_0385.jpg,154.0,0.3578,0.4555,0.3,0.2,8,3,False,False
233,frame_0181.jpg,72.4,0.3526,0.5692,0.2,0.04,6,2,False,False
234,frame_0115.jpg,46.0,0.3382,0.5483,0.0,0.32,6,0,False,False
235,frame_0083.jpg,33.2,0.3362,0.2963,0.2,0.64,6,2,False,False
236,frame_0205.jpg,82.0,0.3317,0.2553,0.2,0.72,6,2,False,False
237,frame_0195.jpg,78.0,0.3286,0.3492,0.3,0.32,6,3,False,False
238,frame_0206.jpg,82.4,0.3281,0.3521,0.0,0.76,6,0,False,False
239,frame_0220.jpg,88.0,0.3248,0.4776,0.1,0.28,6,1,False,False
240,frame_0211.jpg,84.4,0.3239,0.3318,0.1,0.64,5,1,False,False
241,frame_0110.jpg,44.0,0.3159,0.4037,0.3,0.12,10,3,False,False
242,frame_0101.jpg,40.4,0.3152,0.4184,0.3,0.08,6,3,False,False
243,frame_0111.jpg,44.4,0.3106,0.4373,0.2,0.16,6,2,False,False
244,frame_0198.jpg,79.2,0.3094,0.3827,0.1,0.44,4,1,False,False
245,frame_0271.jpg,108.4,0.3046,0.4732,0.2,0.04,5,2,False,False
246,frame_0272.jpg,108.8,0.3006,0.5093,0.1,0.08,6,1,False,False
247,frame_0382.jpg,152.8,0.2888,0.4256,0.2,0.08,10,2,False,False
248,frame_0213.jpg,85.2,0.2885,0.293,0.1,0.56,5,1,False,False
249,frame_0226.jpg,90.4,0.2647,0.4534,0.1,0.04,8,1,False,False
250,frame_0196.jpg,78.4,0.2555,0.307,0.1,0.36,2,1,False,False
251,frame_0191.jpg,76.4,0.2519,0.3797,0.1,0.16,7,1,False,False
252,frame_0224.jpg,89.6,0.2508,0.3935,0.1,0.12,6,1,False,False
253,frame_0190.jpg,76.0,0.2505,0.333,0.2,0.12,5,2,False,False
254,frame_0383.jpg,153.2,0.2485,0.389,0.1,0.12,10,1,False,False
255,frame_0183.jpg,73.2,0.2311,0.4462,0.0,0.04,6,0,False,False
256,frame_0313.jpg,125.2,0.2205,0.4249,0.0,0.04,5,0,False,False
